<?xml version="1.0" encoding="UTF-8" ?>
<module>
    <name>chilexpress_oficial</name>
    <displayName><![CDATA[Chilexpress Oficial]]></displayName>
    <version><![CDATA[1.2.4]]></version>
    <description><![CDATA[Agrega soporte oficial para Chilexpress en Prestashop agregando soporte de calculo de costos de envio y generaci&oacute;n de OTs.]]></description>
    <author><![CDATA[Chilexpress]]></author>
    <tab><![CDATA[shipping_logistics]]></tab>
	<confirmUninstall><![CDATA[Are you sure you want to uninstall?]]></confirmUninstall>
    <is_configurable>1</is_configurable>
    <need_instance>1</need_instance>
	<limited_countries>cl</limited_countries>
</module>