{
  "regions": [
    {
      "ineRegionCode": 1,
      "regionId": "R1",
      "regionName": "TARAPACA"
    },
    {
      "ineRegionCode": 2,
      "regionId": "R2",
      "regionName": "ANTOFAGASTA"
    },
    {
      "ineRegionCode": 3,
      "regionId": "R3",
      "regionName": "ATACAMA"
    },
    {
      "ineRegionCode": 4,
      "regionId": "R4",
      "regionName": "COQUIMBO"
    },
    {
      "ineRegionCode": 5,
      "regionId": "R5",
      "regionName": "VALPARAISO"
    },
    {
      "ineRegionCode": 6,
      "regionId": "R6",
      "regionName": "LIBERTADOR GRAL BERNARDO O HIGGINS"
    },
    {
      "ineRegionCode": 7,
      "regionId": "R7",
      "regionName": "MAULE"
    },
    {
      "ineRegionCode": 8,
      "regionId": "R8",
      "regionName": "BIOBIO"
    },
    {
      "ineRegionCode": 9,
      "regionId": "R9",
      "regionName": "ARAUCANIA"
    },
    {
      "ineRegionCode": 13,
      "regionId": "RM",
      "regionName": "METROPOLITANA DE SANTIAGO"
    },
    {
      "ineRegionCode": 10,
      "regionId": "R10",
      "regionName": "LOS LAGOS"
    },
    {
      "ineRegionCode": 11,
      "regionId": "R11",
      "regionName": "AISEN DEL GRAL C IBANEZ DEL CAMPO"
    },
    {
      "ineRegionCode": 12,
      "regionId": "R12",
      "regionName": "MAGALLANES Y LA ANTARTICA CHILENA"
    },
    {
      "ineRegionCode": 14,
      "regionId": "R14",
      "regionName": "LOS RIOS"
    },
    {
      "ineRegionCode": 15,
      "regionId": "R15",
      "regionName": "ARICA Y PARINACOTA"
    },
    {
      "ineRegionCode": 16,
      "regionId": "R16",
      "regionName": "NUBLE"
    }
  ],
  "statusCode": 0,
  "statusDescription": "Extraccion exitosa",
  "errors": null
}